{
	"description": "You can find documentation, intructions and examples for this NextGen Expression step here: https://github.com/Betty-Services/NextGen-expression",
	"label": "Expression",
	"category": "Misc",
	"icon": "CreateIcon",
	"options": [
		{
			"meta": {
				"type": "MultilineText"
			},
			"name": "expression",
			"label": "Expression",
			"advanced": false,
			"configuration": {
				"placeholder": "See documentation for instructions and examples"
			}
		},
		{
			"info": "Select all the variables you want to have available in the template with a key",
			"label": "Variables",
			"meta": {
				"type": "Map"
			},
			"name": "variables"
		},
		{
			"info": "Type of output",
			"label": "Output Type",
			"meta": {
				"type": "Select",
				"values": [
					{
						"label": "Text",
						"value": "text"
					},
					{
						"label": "Number",
						"value": "number"
					},
					{
						"label": "Checkbox",
						"value": "checkbox"
					}
				]
			},
			"name": "outputType"
		},
		{
			"meta": {
				"type": "Output",
				"output": {
					"type": "Text"
				}
			},
			"name": "asText",
			"label": "As Text",
			"info": "Result"
		},
		{
			"meta": {
				"type": "Output",
				"output": {
					"type": "Number"
				}
			},
			"name": "asNumber",
			"label": "As Number",
			"info": "Result"
		},
		{
			"meta": {
				"type": "Output",
				"output": {
					"type": "Boolean"
				}
			},
			"name": "asCheckbox",
			"label": "As Checkbox",
			"info": "Result"
		},
		{
			"meta": {
				"type": "Boolean"
			},
			"name": "logging",
			"label": "Enable debug logging",
			"info": "Debug your expressions with logging"
		}
	],
	"yields": "NONE"
}
