{
	"label": "Generate Pdf",
	"description": "Description",
	"category": "Misc",
	"icon": "CreateIcon",
	"options": [
		{
			"meta": {
				"type": "Text"
			},
			"name": "logo",
			"label": "Logo url",
			"info": "The logo of the PDF",
			"advanced": false
		},
		{
			"meta": {
				"type": "Text"
			},
			"name": "name",
			"label": "Name",
			"info": "The title of the PDF",
			"advanced": false
		},
		{
			"meta": {
				"type": "Number"
			},
			"name": "titleFontSize",
			"label": "Title font size",
			"info": "The fontsize of the title",
			"advanced": false
		},
		{
			"meta": {
				"type": "Text"
			},
			"name": "description",
			"label": "Description",
			"info": "The description of the PDF",
			"advanced": false
		},
		{
			"meta": {
				"type": "Number"
			},
			"name": "descFontSize",
			"label": "Description font size",
			"info": "The fontsize of the description",
			"advanced": false
		},
		{
			"meta": {
				"type": "Text"
			},
			"name": "created",
			"label": "Created at",
			"info": "Creation date of the ",
			"advanced": false
		},
		{
			"meta": {
				"type": "Output",
				"output": {
					"type": "Text"
				}
			},
			"name": "as",
			"label": "As",
			"info": "The result"
		}
	],
	"yields": "NONE"
}
